coname,filingdate,filename
ABRAXAS PETROLEUM CORP,20090224,0000867665-09-000017
ABRAXAS PETROLEUM CORP,20100318,0000867665-10-000011
ABRAXAS PETROLEUM CORP,20110316,0000867665-11-000008
ABRAXAS PETROLEUM CORP,20120315,0000867665-12-000010
ABRAXAS PETROLEUM CORP,20130318,0000867665-13-000012
ABRAXAS PETROLEUM CORP,20140317,0000867665-14-000017
"ADAMS RESOURCES & ENERGY, INC.",20090324,0000002178-09-000007
"ADAMS RESOURCES & ENERGY, INC.",20100323,0000002178-10-000008
"ADAMS RESOURCES & ENERGY, INC.",20110321,0000002178-11-000009
"ADAMS RESOURCES & ENERGY, INC.",20120323,0000002178-12-000010
"ADAMS RESOURCES & ENERGY, INC.",20130315,0000002178-13-000014
"ADAMS RESOURCES & ENERGY, INC.",20140313,0000002178-14-000010
Allis Chalmers Energy Inc.,20090309,0000950129-09-000822
Allis Chalmers Energy Inc.,20100309,0000950123-10-022492
Allis Chalmers Energy Inc.,20110315,0001193125-11-067128
"Alon USA Energy, Inc.",20090410,0000950134-09-007330
"Alon USA Energy, Inc.",20100316,0000950123-10-025231
"Alon USA Energy, Inc.",20110315,0000950123-11-025643
"Alon USA Energy, Inc.",20120313,0001325955-12-000010
"Alon USA Energy, Inc.",20130314,0001325955-13-000013
"Alon USA Energy, Inc.",20140314,0001325955-14-000013
AMERICAN OIL & GAS INC,20090316,0001362310-09-003848
AMERICAN OIL & GAS INC,20100315,0000950123-10-024780
ANADARKO PETROLEUM CORP,20090225,0001193125-09-036986
ANADARKO PETROLEUM CORP,20100223,0001193125-10-037173
ANADARKO PETROLEUM CORP,20110223,0001193125-11-043021
ANADARKO PETROLEUM CORP,20120221,0001193125-12-070408
ANADARKO PETROLEUM CORP,20130219,0001193125-13-065430
ANADARKO PETROLEUM CORP,20140228,0000773910-14-000014
"ante4, Inc",20100405,0001104659-10-018269
APACHE CORP,20090302,0000950129-09-000708
APACHE CORP,20100226,0000950123-10-018311
APACHE CORP,20110228,0000950123-11-019900
APACHE CORP,20120229,0001193125-12-086217
APACHE CORP,20130301,0001193125-13-085083
APACHE CORP,20140228,0001193125-14-077668
APCO ARGENTINA INC/NEW,20090316,0000311471-09-000003
APCO OIL & GAS INTERNATIONAL INC,20100312,0000311471-10-000006
APCO OIL & GAS INTERNATIONAL INC,20110310,0000311471-11-000003
APCO OIL & GAS INTERNATIONAL INC,20120229,0000311471-12-000008
APCO OIL & GAS INTERNATIONAL INC,20130308,0000311471-13-000004
APCO OIL & GAS INTERNATIONAL INC,20140307,0000311471-14-000003
Approach Resources Inc,20090313,0000950134-09-005311
Approach Resources Inc,20100312,0000950123-10-024067
Approach Resources Inc,20110311,0000950123-11-024699
Approach Resources Inc,20120312,0001193125-12-108873
Approach Resources Inc,20130228,0001193125-13-084104
Approach Resources Inc,20140225,0001193125-14-067265
ARABIAN AMERICAN DEVELOPMENT CO,20090316,0000007039-09-000002
ARABIAN AMERICAN DEVELOPMENT CO,20100315,0000007039-10-000008
ARABIAN AMERICAN DEVELOPMENT CO,20110318,0000007039-11-000009
ARABIAN AMERICAN DEVELOPMENT CO,20120309,0000007039-12-000003
ARABIAN AMERICAN DEVELOPMENT CO,20130318,0000007039-13-000007
ARABIAN AMERICAN DEVELOPMENT CO,20140314,0000007039-14-000002
ARENA RESOURCES INC,20090302,0001026608-09-000024
ARENA RESOURCES INC,20100301,0001026608-10-000020
ATP OIL & GAS CORP,20090313,0001193125-09-052832
ATP OIL & GAS CORP,20100316,0001193125-10-058628
ATP OIL & GAS CORP,20110316,0001193125-11-068655
ATP OIL & GAS CORP,20120315,0001193125-12-117694
ATWOOD OCEANICS INC,20091125,0000008411-09-000088
ATWOOD OCEANICS INC,20101123,0001140361-10-047001
ATWOOD OCEANICS INC,20111122,0001193125-11-320042
ATWOOD OCEANICS INC,20121119,0000008411-12-000066
ATWOOD OCEANICS INC,20131114,0000008411-13-000127
BAKER HUGHES INC,20090227,0000950129-09-000672
BAKER HUGHES INC,20100226,0000950123-10-017258
BAKER HUGHES INC,20110225,0000950123-11-018883
BAKER HUGHES INC,20120224,0001193125-12-078521
BAKER HUGHES INC,20130213,0000808362-13-000017
BAKER HUGHES INC,20140212,0000808362-14-000007
BASIC ENERGY SERVICES INC,20090309,0000950134-09-004729
BASIC ENERGY SERVICES INC,20100301,0000950123-10-018490
BASIC ENERGY SERVICES INC,20110225,0000950123-11-018755
BASIC ENERGY SERVICES INC,20120224,0001193125-12-077986
BASIC ENERGY SERVICES INC,20130227,0001193125-13-080070
BASIC ENERGY SERVICES INC,20140224,0001109189-14-000029
BERRY PETROLEUM CO,20090225,0000778438-09-000015
BERRY PETROLEUM CO,20100225,0000778438-10-000002
BERRY PETROLEUM CO,20110301,0001047469-11-001586
BERRY PETROLEUM CO,20120228,0000778438-12-000013
BERRY PETROLEUM CO,20130228,0000778438-13-000006
BERRY PETROLEUM CO,20140331,0000778438-14-000009
BILL BARRETT CORP,20090224,0001047469-09-001731
BILL BARRETT CORP,20100223,0001193125-10-037005
BILL BARRETT CORP,20110223,0001193125-11-043180
BILL BARRETT CORP,20120223,0001193125-12-074972
BILL BARRETT CORP,20130222,0001193125-13-070731
BILL BARRETT CORP,20140221,0001172139-14-000028
BJ SERVICES CO,20091123,0001193125-09-240380
BMB MUNAI INC,20090615,0001038838-09-000161
BMB MUNAI INC,20100624,0001038838-10-000223
BMB MUNAI INC,20110629,0001038838-11-000172
BMB MUNAI INC,20120625,0001038838-12-000169
BMB MUNAI INC,20130701,0001038838-13-000260
BOLT TECHNOLOGY CORP,20090903,0001144204-09-047112
BOLT TECHNOLOGY CORP,20100910,0001144204-10-048893
BOLT TECHNOLOGY CORP,20110913,0001144204-11-052788
BOLT TECHNOLOGY CORP,20120914,0001144204-12-051304
BOLT TECHNOLOGY CORP,20130913,0001144204-13-050613
"Bonanza Creek Energy, Inc.",20120322,0001047469-12-003080
"Bonanza Creek Energy, Inc.",20130315,0001047469-13-002777
"Bonanza Creek Energy, Inc.",20140228,0001047469-14-001539
BOOTS & COOTS INTERNATIONAL WELL CONTROL INC,20090312,0001140361-09-006772
"Boots & Coots, Inc.",20100303,0001140361-10-009770
"BPZ RESOURCES, INC.",20090302,0001104659-09-013236
"BPZ RESOURCES, INC.",20100331,0001104659-10-017466
"BPZ RESOURCES, INC.",20110316,0001104659-11-014875
"BPZ RESOURCES, INC.",20120314,0001104659-12-018171
"BPZ RESOURCES, INC.",20130315,0001437749-13-002962
"BPZ RESOURCES, INC.",20140312,0001437749-14-003934
BRIGHAM EXPLORATION CO,20090313,0001362310-09-003838
BRIGHAM EXPLORATION CO,20100301,0000950123-10-018462
BRIGHAM EXPLORATION CO,20110301,0000950123-11-020581
"Bronco Drilling Company, Inc.",20090316,0001328650-09-000008
"Bronco Drilling Company, Inc.",20100315,0001328650-10-000013
"Bronco Drilling Company, Inc.",20110315,0000950123-11-025607
"C&J Energy Services, Inc.",20120229,0001193125-12-089225
"C&J Energy Services, Inc.",20130228,0001193125-13-080488
"C&J Energy Services, Inc.",20140227,0001193125-14-070178
CABOT OIL & GAS CORP,20090227,0001193125-09-040956
CABOT OIL & GAS CORP,20100226,0001193125-10-042257
CABOT OIL & GAS CORP,20110228,0001193125-11-049690
CABOT OIL & GAS CORP,20120228,0001047469-12-001751
CABOT OIL & GAS CORP,20130228,0001047469-13-001948
CABOT OIL & GAS CORP,20140228,0001047469-14-001538
"Cal Dive International, Inc.",20090223,0001364100-09-000012
"Cal Dive International, Inc.",20100226,0001364100-10-000009
"Cal Dive International, Inc.",20110302,0001364100-11-000006
"Cal Dive International, Inc.",20120302,0001364100-12-000010
"Cal Dive International, Inc.",20130308,0001364100-13-000010
"Cal Dive International, Inc.",20140311,0001364100-14-000006
CALLON PETROLEUM CO,20090320,0000950134-09-005716
CALLON PETROLEUM CO,20100312,0000950123-10-024025
CALLON PETROLEUM CO,20110315,0000928022-11-000022
CALLON PETROLEUM CO,20120315,0000928022-12-000026
CALLON PETROLEUM CO,20130314,0000928022-13-000023
CALLON PETROLEUM CO,20140313,0000928022-14-000049
CAMAC Energy Inc.,20110311,0001354488-11-000790
CAMAC Energy Inc.,20120315,0001193125-12-117053
CAMAC Energy Inc.,20130415,0001354488-13-001983
CAMAC Energy Inc.,20140314,0001437749-14-004260
CAMERON INTERNATIONAL CORP,20090225,0000941548-09-000013
CAMERON INTERNATIONAL CORP,20100226,0000941548-10-000015
CAMERON INTERNATIONAL CORP,20110228,0000941548-11-000011
CAMERON INTERNATIONAL CORP,20120228,0000941548-12-000005
CAMERON INTERNATIONAL CORP,20130222,0000941548-13-000010
CAMERON INTERNATIONAL CORP,20140226,0001140361-14-009761
"CANO PETROLEUM, INC",20090928,0001047469-09-008587
"CANO PETROLEUM, INC",20100922,0001104659-10-049416
"CANO PETROLEUM, INC",20111020,0001104659-11-056993
CARRIZO OIL & GAS INC,20090313,0000950129-09-000865
CARRIZO OIL & GAS INC,20100316,0000950123-10-025265
CARRIZO OIL & GAS INC,20110331,0001193125-11-085103
CARRIZO OIL & GAS INC,20120229,0001193125-12-089501
CARRIZO OIL & GAS INC,20130228,0001040593-13-000015
CARRIZO OIL & GAS INC,20140303,0001040593-14-000022
CHESAPEAKE ENERGY CORP,20090302,0001193125-09-042739
CHESAPEAKE ENERGY CORP,20100301,0001193125-10-044784
CHESAPEAKE ENERGY CORP,20110301,0001193125-11-052349
CHESAPEAKE ENERGY CORP,20120229,0001193125-12-089591
CHESAPEAKE ENERGY CORP,20130301,0000895126-13-000076
CHESAPEAKE ENERGY CORP,20140227,0000895126-14-000104
CHEVRON CORP,20090226,0000891618-09-000054
CHEVRON CORP,20100225,0000950123-10-016846
CHEVRON CORP,20110224,0000950123-11-017688
CHEVRON CORP,20120223,0000950123-12-002976
CHEVRON CORP,20130222,0000093410-13-000003
CHEVRON CORP,20140221,0000093410-14-000011
CIMAREX ENERGY CO,20090227,0001047469-09-001974
CIMAREX ENERGY CO,20100226,0001047469-10-001512
CIMAREX ENERGY CO,20110225,0001047469-11-001364
CIMAREX ENERGY CO,20120222,0001047469-12-001276
CIMAREX ENERGY CO,20130226,0001047469-13-001692
CIMAREX ENERGY CO,20140226,0001047469-14-001366
CLAYTON WILLIAMS ENERGY INC /DE,20090316,0000880115-09-000004
CLAYTON WILLIAMS ENERGY INC /DE,20100312,0000880115-10-000004
CLAYTON WILLIAMS ENERGY INC /DE,20110301,0000880115-11-000003
CLAYTON WILLIAMS ENERGY INC /DE,20120305,0001104659-12-015678
CLAYTON WILLIAMS ENERGY INC /DE,20130305,0000880115-13-000008
CLAYTON WILLIAMS ENERGY INC /DE,20140311,0000880115-14-000008
CNX Gas CORP,20090217,0001193125-09-030540
CNX Gas Corp,20100209,0001193125-10-025517
"Cobalt International Energy, Inc.",20100330,0001047469-10-002985
"Cobalt International Energy, Inc.",20110301,0001047469-11-001613
"Cobalt International Energy, Inc.",20120221,0001047469-12-001183
"Cobalt International Energy, Inc.",20130226,0001047469-13-001687
"Cobalt International Energy, Inc.",20140227,0001047469-14-001453
"Complete Production Services, Inc.",20090227,0000950129-09-000675
"Complete Production Services, Inc.",20100219,0000950123-10-014650
"Complete Production Services, Inc.",20110222,0000950123-11-015858
COMSTOCK RESOURCES INC,20090225,0000950134-09-003729
COMSTOCK RESOURCES INC,20100226,0000950123-10-018130
COMSTOCK RESOURCES INC,20110222,0000950123-11-016458
COMSTOCK RESOURCES INC,20120227,0001193125-12-081407
COMSTOCK RESOURCES INC,20130228,0001193125-13-083473
COMSTOCK RESOURCES INC,20140227,0001564590-14-000379
CONCHO RESOURCES INC,20090227,0000950134-09-004052
CONCHO RESOURCES INC,20100226,0000950123-10-018158
CONCHO RESOURCES INC,20110225,0000950123-11-018697
CONCHO RESOURCES INC,20120224,0001193125-12-076937
CONCHO RESOURCES INC,20130222,0001358071-13-000006
CONCHO RESOURCES INC,20140221,0001358071-14-000005
CONOCOPHILLIPS,20090225,0001362310-09-002769
CONOCOPHILLIPS,20100225,0000950123-10-017187
CONOCOPHILLIPS,20110223,0000950123-11-016957
CONOCOPHILLIPS,20120221,0001193125-12-070636
CONOCOPHILLIPS,20130219,0001193125-13-065426
CONOCOPHILLIPS,20140225,0001193125-14-066358
CONTANGO OIL & GAS CO,20090911,0001193125-09-190601
CONTANGO OIL & GAS CO,20100913,0001193125-10-208966
CONTANGO OIL & GAS CO,20110829,0001193125-11-235620
CONTANGO OIL & GAS CO,20120829,0001445305-12-002782
CONTANGO OIL & GAS CO,20130829,0001071993-13-000011
CONTANGO OIL & GAS CO,20140303,0001071993-14-000005
CONTINENTAL RESOURCES INC,20090227,0001193125-09-040610
CONTINENTAL RESOURCES INC,20100226,0001193125-10-042474
CONTINENTAL RESOURCES INC,20110225,0001193125-11-046209
CONTINENTAL RESOURCES INC,20120224,0001193125-12-077054
"CONTINENTAL RESOURCES, INC",20130228,0001193125-13-080751
"CONTINENTAL RESOURCES, INC",20140227,0000732834-14-000003
CORE LABORATORIES N V,20090220,0001000229-09-000005
CORE LABORATORIES N V,20100219,0001000229-10-000004
CORE LABORATORIES N V,20110222,0001000229-11-000015
CORE LABORATORIES N V,20120215,0001000229-12-000012
CORE LABORATORIES N V,20130219,0001000229-13-000009
CORE LABORATORIES N V,20140213,0001000229-14-000025
CREDO PETROLEUM CORP,20090114,0001104659-09-002218
CREDO PETROLEUM CORP,20100107,0001104659-10-000725
CREDO PETROLEUM CORP,20110113,0001104659-11-001412
CREDO PETROLEUM CORP,20120117,0001104659-12-002282
CRIMSON EXPLORATION INC.,20090327,0000813779-09-000025
CRIMSON EXPLORATION INC.,20100316,0000813779-10-000010
CRIMSON EXPLORATION INC.,20110318,0001140361-11-017686
CRIMSON EXPLORATION INC.,20120313,0000813779-12-000011
CRIMSON EXPLORATION INC.,20130315,0000813779-13-000005
CROSSTEX ENERGY INC,20090302,0000950134-09-004252
CROSSTEX ENERGY INC,20100301,0000950123-10-018577
CROSSTEX ENERGY INC,20110225,0001047469-11-001357
CROSSTEX ENERGY INC,20120228,0001047469-12-001741
CROSSTEX ENERGY INC,20130301,0001047469-13-001998
CROSSTEX ENERGY INC,20140228,0001209821-14-000006
CVR ENERGY INC,20090313,0000950123-09-004595
CVR ENERGY INC,20100312,0000950123-10-024185
CVR ENERGY INC,20110307,0000950123-11-022741
CVR ENERGY INC,20120229,0001047469-12-001887
CVR ENERGY INC,20130314,0001047469-13-002747
CVR ENERGY INC,20140226,0001376139-14-000016
DAWSON GEOPHYSICAL CO,20091201,0000950123-09-067127
DAWSON GEOPHYSICAL CO,20101123,0000950123-10-108247
DAWSON GEOPHYSICAL CO,20111209,0001193125-11-336740
DAWSON GEOPHYSICAL CO,20121205,0001193125-12-491992
DAWSON GEOPHYSICAL CO,20131211,0001193125-13-469963
DELTA PETROLEUM CORP/CO,20090302,0001035704-09-000006
DELTA PETROLEUM CORP/CO,20100312,0000950123-10-023993
DELTA PETROLEUM CORP/CO,20110316,0000950123-11-026001
DELTA PETROLEUM CORP/CO,20120831,0001193125-12-377175
DENBURY RESOURCES INC,20090302,0000950134-09-004231
DENBURY RESOURCES INC,20100301,0000950123-10-019490
DENBURY RESOURCES INC,20110301,0000950123-11-020804
DENBURY RESOURCES INC,20120228,0000945764-12-000013
DENBURY RESOURCES INC,20130228,0000945764-13-000027
DENBURY RESOURCES INC,20140228,0000945764-14-000014
DEVON ENERGY CORP/DE,20090227,0000950134-09-003904
DEVON ENERGY CORP/DE,20100225,0000950123-10-017093
DEVON ENERGY CORP/DE,20110225,0000950123-11-018537
DEVON ENERGY CORP/DE,20120224,0001193125-12-077085
DEVON ENERGY CORP/DE,20130221,0001193125-13-068817
DEVON ENERGY CORP/DE,20140228,0001193125-14-076267
DIAMOND OFFSHORE DRILLING INC,20090224,0000950129-09-000536
DIAMOND OFFSHORE DRILLING INC,20100223,0000950123-10-015699
DIAMOND OFFSHORE DRILLING INC,20110225,0000950123-11-018663
DIAMOND OFFSHORE DRILLING INC,20120223,0001193125-12-075073
DIAMOND OFFSHORE DRILLING INC,20130221,0001193125-13-069201
DIAMOND OFFSHORE DRILLING INC,20140224,0001193125-14-064415
"Diamondback Energy, Inc.",20130301,0001539838-13-000004
"Diamondback Energy, Inc.",20140219,0001539838-14-000007
DOUBLE EAGLE PETROLEUM CO,20090312,0000950134-09-005104
DOUBLE EAGLE PETROLEUM CO,20100304,0000950123-10-020940
DOUBLE EAGLE PETROLEUM CO,20110308,0000950123-11-023039
DOUBLE EAGLE PETROLEUM CO,20120308,0001193125-12-103167
DOUBLE EAGLE PETROLEUM CO,20130314,0001193125-13-106879
DOUBLE EAGLE PETROLEUM CO,20140313,0001564590-14-000714
DRIL-QUIP INC,20090227,0001193125-09-039868
DRIL-QUIP INC,20100226,0001193125-10-041122
DRIL-QUIP INC,20110228,0001193125-11-047940
DRIL-QUIP INC,20120227,0001193125-12-078769
DRIL-QUIP INC,20130228,0001193125-13-081240
DRIL-QUIP INC,20140228,0001193125-14-073575
"Emerald Oil, Inc.",20130318,0001144204-13-015586
"Emerald Oil, Inc.",20140312,0001144204-14-015126
ENCORE ACQUISITION CO,20090224,0000950134-09-003596
ENCORE ACQUISITION CO,20100225,0000950123-10-016609
ENDEAVOUR INTERNATIONAL CORP,20090316,0001193125-09-054213
ENDEAVOUR INTERNATIONAL CORP,20100316,0000950123-10-025304
ENDEAVOUR INTERNATIONAL CORP,20110310,0000950123-11-023999
ENDEAVOUR INTERNATIONAL CORP,20120308,0001193125-12-101841
ENDEAVOUR INTERNATIONAL CORP,20130318,0001193125-13-112308
ENDEAVOUR INTERNATIONAL CORP,20140317,0001562762-14-000072
ENERGEN CORP,20090225,0001193125-09-037514
ENERGEN CORP,20100225,0001193125-10-040857
ENERGEN CORP,20110225,0001193125-11-047619
ENERGEN CORP,20120227,0000277595-12-000007
ENERGEN CORP,20130228,0000277595-13-000012
ENERGY PARTNERS LTD,20090805,0001193125-09-164108
ENERGY PARTNERS LTD,20100311,0001193125-10-053691
ENERGY PARTNERS LTD,20110303,0001193125-11-054871
ENERGY PARTNERS LTD,20120308,0001193125-12-104001
ENERGY XXI (BERMUDA) LTD,20090904,0001144204-09-047141
ENERGY XXI (BERMUDA) LTD,20100908,0001144204-10-048480
ENERGY XXI (BERMUDA) LTD,20110815,0001144204-11-046334
ENERGY XXI (BERMUDA) LTD,20120809,0001144204-12-043943
ENERGY XXI (BERMUDA) LTD,20130821,0001144204-13-047221
ENSCO INTERNATIONAL INC,20090226,0000314808-09-000015
Ensco International plc,20100225,0000314808-10-000019
Ensco plc,20110224,0000314808-11-000016
Ensco plc,20120224,0000314808-12-000020
Ensco plc,20130222,0000314808-13-000019
Ensco plc,20140226,0000314808-14-000026
EOG RESOURCES INC,20090225,0000821189-09-000008
EOG RESOURCES INC,20100225,0000821189-10-000011
EOG RESOURCES INC,20110224,0000821189-11-000022
EOG RESOURCES INC,20120224,0000821189-12-000014
EOG RESOURCES INC,20130222,0000821189-13-000014
EOG RESOURCES INC,20140224,0000821189-14-000007
"EPL OIL & GAS, INC.",20130307,0000750199-13-000004
"EPL OIL & GAS, INC.",20140228,0000750199-14-000021
EQUAL ENERGY LTD.,20110324,0001116377-11-000003
EQUAL ENERGY LTD.,20120321,0001492832-12-000005
EQUAL ENERGY LTD.,20130315,0001492832-13-000013
EQUAL ENERGY LTD.,20140317,0001193125-14-102573
EVOLUTION PETROLEUM CORP,20090925,0001104659-09-056196
EVOLUTION PETROLEUM CORP,20100927,0001104659-10-050079
EVOLUTION PETROLEUM CORP,20110913,0001104659-11-051508
EVOLUTION PETROLEUM CORP,20120913,0001104659-12-063322
EVOLUTION PETROLEUM CORP,20130913,0001047469-13-009060
EXCO RESOURCES INC,20090226,0001193125-09-038799
EXCO RESOURCES INC,20100224,0001193125-10-038991
EXCO RESOURCES INC,20110224,0001193125-11-045326
EXCO RESOURCES INC,20120227,0001193125-12-081913
EXCO RESOURCES INC,20130221,0000316300-13-000009
EXCO RESOURCES INC,20140226,0000316300-14-000010
EXXON MOBIL CORP,20090227,0001193125-09-040966
EXXON MOBIL CORP,20100226,0001193125-10-042929
EXXON MOBIL CORP,20110225,0001193125-11-047394
EXXON MOBIL CORP,20120224,0001193125-12-078102
EXXON MOBIL CORP,20130227,0000034088-13-000011
EXXON MOBIL CORP,20140226,0000034088-14-000012
FMC TECHNOLOGIES INC,20090227,0001193125-09-041112
FMC TECHNOLOGIES INC,20100301,0001193125-10-044365
FMC TECHNOLOGIES INC,20110228,0001193125-11-048898
FMC TECHNOLOGIES INC,20120227,0001193125-12-080747
FMC TECHNOLOGIES INC,20130222,0001135152-13-000007
FMC TECHNOLOGIES INC,20140221,0001135152-14-000005
Forbes Energy Services Ltd.,20090331,0001193125-09-069626
Forbes Energy Services Ltd.,20100331,0001193125-10-073686
Forbes Energy Services Ltd.,20110330,0001193125-11-081699
Forbes Energy Services Ltd.,20120330,0001193125-12-143994
Forbes Energy Services Ltd.,20130401,0001434842-13-000003
Forbes Energy Services Ltd.,20140326,0001445305-14-001169
FOREST OIL CORP,20090302,0001047469-09-002099
FOREST OIL CORP,20100301,0001047469-10-001573
FOREST OIL CORP,20110224,0001047469-11-001208
FOREST OIL CORP,20120222,0000038079-12-000013
FOREST OIL CORP,20130222,0000038079-13-000016
FOREST OIL CORP,20140226,0000038079-14-000018
"FORUM ENERGY TECHNOLOGIES, INC.",20130305,0001445305-13-000490
"FORUM ENERGY TECHNOLOGIES, INC.",20140228,0001401257-14-000055
FRONTIER OIL CORP /NEW/,20090226,0000110430-09-000006
FRONTIER OIL CORP /NEW/,20100225,0000110430-10-000004
FRONTIER OIL CORP /NEW/,20110224,0000110430-11-000013
FX ENERGY INC,20090316,0001038838-09-000060
FX ENERGY INC,20100317,0001038838-10-000077
FX ENERGY INC,20110307,0001038838-11-000063
FX ENERGY INC,20120312,0001038838-12-000060
FX ENERGY INC,20130314,0001038838-13-000088
FX ENERGY INC,20140313,0001038838-14-000034
GASCO ENERGY INC,20090304,0000950134-09-004448
GASCO ENERGY INC,20100303,0000950123-10-020605
GASCO ENERGY INC,20110302,0001104659-11-011833
GASCO ENERGY INC,20120328,0001104659-12-022013
GASCO ENERGY INC,20130306,0001104659-13-017945
GASTAR EXPLORATION LTD,20090316,0001193125-09-055632
GASTAR EXPLORATION LTD,20100325,0001193125-10-067103
GASTAR EXPLORATION LTD,20110310,0001193125-11-062378
GASTAR EXPLORATION LTD,20120308,0001170154-12-000007
GASTAR EXPLORATION LTD,20130311,0001170154-13-000019
GEOGLOBAL RESOURCES INC.,20090327,0000896726-09-000012
GEOGLOBAL RESOURCES INC.,20100331,0000896726-10-000009
GEOGLOBAL RESOURCES INC.,20110331,0000896726-11-000013
GEOGLOBAL RESOURCES INC.,20120328,0000896726-12-000015
GEOKINETICS INC,20090316,0000314606-09-000016
GEOKINETICS INC,20100315,0001047469-10-002218
GEOKINETICS INC,20110401,0001047469-11-003123
GEOKINETICS INC,20120323,0001104659-12-020741
GEOKINETICS INC,20130328,0001445305-13-000728
"GeoMet, Inc.",20090313,0001193125-09-052622
"GeoMet, Inc.",20100331,0001193125-10-073216
"GeoMet, Inc.",20110406,0001193125-11-090363
"GeoMet, Inc.",20120330,0001193125-12-140602
"GeoMet, Inc.",20130328,0001104659-13-025414
"GeoMet, Inc.",20140331,0001104659-14-024498
GEORESOURCES INC,20090325,0001193125-09-063107
GEORESOURCES INC,20100312,0001193125-10-055455
GEORESOURCES INC,20110311,0001193125-11-064075
GEORESOURCES INC,20120313,0001193125-12-112276
Global Geophysical Services Inc,20110318,0001047469-11-002335
Global Geophysical Services Inc,20120222,0001171843-12-000586
Global Geophysical Services Inc,20130305,0001171843-13-000868
Global Geophysical Services Inc,20140429,0001171843-14-001970
GLOBAL INDUSTRIES LTD,20090302,0000950129-09-000689
GLOBAL INDUSTRIES LTD,20100226,0000950123-10-018144
GLOBAL INDUSTRIES LTD,20110225,0000950123-11-018760
GMX RESOURCES INC,20090302,0001193125-09-042381
GMX RESOURCES INC,20100316,0001193125-10-058487
GMX RESOURCES INC,20110311,0001193125-11-062904
GMX RESOURCES INC,20120309,0001445305-12-000619
GOODRICH PETROLEUM CORP,20090227,0001193125-09-041032
GOODRICH PETROLEUM CORP,20100226,0001193125-10-042262
GOODRICH PETROLEUM CORP,20110222,0001193125-11-041211
GOODRICH PETROLEUM CORP,20120224,0001193125-12-076931
GOODRICH PETROLEUM CORP,20130222,0001193125-13-071627
GOODRICH PETROLEUM CORP,20140221,0001193125-14-062843
GRAN TIERRA ENERGY INC.,20130226,0001273441-13-000012
GRAN TIERRA ENERGY INC.,20140226,0001273441-14-000008
"GRAN TIERRA ENERGY, INC.",20090227,0001144204-09-011423
"GRAN TIERRA ENERGY, INC.",20100226,0001144204-10-010210
"GRAN TIERRA ENERGY, INC.",20110225,0001144204-11-010891
"GRAN TIERRA ENERGY, INC.",20120227,0001140361-12-010944
GULFMARK OFFSHORE INC,20090227,0000950129-09-000681
GULFMARK OFFSHORE INC,20100226,0000950123-10-018331
GULFMARK OFFSHORE INC,20110224,0000950123-11-017846
GULFMARK OFFSHORE INC,20120223,0001193125-12-075114
GULFMARK OFFSHORE INC,20130227,0001193125-13-080272
GULFMARK OFFSHORE INC,20140225,0001437749-14-002715
GULFPORT ENERGY CORP,20090316,0001193125-09-055183
GULFPORT ENERGY CORP,20100312,0001193125-10-055121
GULFPORT ENERGY CORP,20110314,0001193125-11-065894
GULFPORT ENERGY CORP,20120227,0001193125-12-081951
GULFPORT ENERGY CORP,20130301,0001445305-13-000396
GULFPORT ENERGY CORP,20140228,0001445305-14-000751
HALCON RESOURCES CORP,20120305,0001193125-12-096917
HALCON RESOURCES CORP,20130228,0001047469-13-001872
HALCON RESOURCES CORP,20140227,0001047469-14-001420
HALLIBURTON CO,20090218,0000045012-09-000098
HALLIBURTON CO,20100217,0000045012-10-000085
HALLIBURTON CO,20110217,0000045012-11-000087
HALLIBURTON CO,20120216,0000045012-12-000075
HALLIBURTON CO,20130211,0000045012-13-000086
HALLIBURTON CO,20140207,0000045012-14-000069
"HARVEST NATURAL RESOURCES, INC.",20090313,0000950129-09-000872
"HARVEST NATURAL RESOURCES, INC.",20100316,0000950123-10-024928
"HARVEST NATURAL RESOURCES, INC.",20110316,0000950123-11-025980
"HARVEST NATURAL RESOURCES, INC.",20120315,0001193125-12-117688
"HARVEST NATURAL RESOURCES, INC.",20130502,0001193125-13-196239
"HARVEST NATURAL RESOURCES, INC.",20140317,0001193125-14-101075
Heckmann CORP,20090316,0001193125-09-055530
Heckmann CORP,20100311,0001193125-10-053875
Heckmann CORP,20110314,0001193125-11-065801
Heckmann Corp,20120308,0001193125-12-103864
Heckmann Corp,20130318,0001193125-13-112294
HELIX ENERGY SOLUTIONS GROUP INC,20090302,0000866829-09-000006
HELIX ENERGY SOLUTIONS GROUP INC,20100226,0000866829-10-000005
HELIX ENERGY SOLUTIONS GROUP INC,20110225,0000866829-11-000009
HELIX ENERGY SOLUTIONS GROUP INC,20120224,0000866829-12-000009
HELIX ENERGY SOLUTIONS GROUP INC,20130222,0000866829-13-000012
HELIX ENERGY SOLUTIONS GROUP INC,20140221,0000866829-14-000006
HELMERICH & PAYNE INC,20091125,0001047469-09-010426
HELMERICH & PAYNE INC,20101124,0001047469-10-010040
HELMERICH & PAYNE INC,20111123,0001047469-11-009738
HELMERICH & PAYNE INC,20121121,0001047469-12-010732
HELMERICH & PAYNE INC,20131127,0001047469-13-010895
"HERCULES OFFSHORE, INC.",20090226,0000950129-09-000635
"HERCULES OFFSHORE, INC.",20100302,0000950123-10-020083
"HERCULES OFFSHORE, INC.",20110310,0000950123-11-023885
"HERCULES OFFSHORE, INC.",20120301,0001193125-12-092018
"HERCULES OFFSHORE, INC.",20130301,0001330849-13-000015
"HERCULES OFFSHORE, INC.",20140227,0001330849-14-000017
HESS CORP,20090227,0000950123-09-003700
HESS CORP,20100226,0000950123-10-018336
HESS CORP,20110225,0000950123-11-018415
HESS CORP,20120227,0001193125-12-081827
HESS CORP,20130228,0001193125-13-084779
HESS CORP,20140228,0001193125-14-077565
HOLLY CORP,20090227,0000950134-09-004038
HOLLY CORP,20100226,0000950123-10-018263
HOLLY CORP,20110225,0000950123-11-018524
HollyFrontier Corp,20120229,0001193125-12-086106
HollyFrontier Corp,20130228,0000048039-13-000010
HollyFrontier Corp,20140226,0000048039-14-000017
HOUSTON AMERICAN ENERGY CORP,20090316,0001193125-09-055217
HOUSTON AMERICAN ENERGY CORP,20100329,0001193125-10-068851
HOUSTON AMERICAN ENERGY CORP,20110315,0001140361-11-016532
HOUSTON AMERICAN ENERGY CORP,20120307,0001140361-12-013863
HOUSTON AMERICAN ENERGY CORP,20130401,0001140361-13-014794
HOUSTON AMERICAN ENERGY CORP,20140314,0001140361-14-012768
HYPERDYNAMICS CORP,20090930,0000937136-09-000017
HYPERDYNAMICS CORP,20100928,0001144204-10-051330
HYPERDYNAMICS CORP,20110913,0001104659-11-051486
HYPERDYNAMICS CORP,20120913,0001047469-12-008821
HYPERDYNAMICS CORP,20130911,0001047469-13-008991
ION GEOPHYSICAL CORP,20090302,0000950129-09-000701
ION GEOPHYSICAL CORP,20100301,0000950123-10-019337
ION GEOPHYSICAL CORP,20110224,0000950123-11-017936
ION GEOPHYSICAL CORP,20120224,0001193125-12-078454
ION GEOPHYSICAL CORP,20130219,0000866609-13-000007
ION GEOPHYSICAL CORP,20140224,0000866609-14-000010
ISRAMCO INC,20090323,0001185185-09-000200
ISRAMCO INC,20100312,0001185185-10-000255
ISRAMCO INC,20110311,0001185185-11-000284
ISRAMCO INC,20120323,0001185185-12-000468
ISRAMCO INC,20130315,0001185185-13-000492
ISRAMCO INC,20140317,0001185185-14-000579
KEY ENERGY SERVICES INC,20090227,0000950129-09-000678
KEY ENERGY SERVICES INC,20100226,0000950123-10-018426
KEY ENERGY SERVICES INC,20110228,0000950123-11-019146
KEY ENERGY SERVICES INC,20120229,0001193125-12-089368
KEY ENERGY SERVICES INC,20130225,0000318996-13-000004
KEY ENERGY SERVICES INC,20140225,0000318996-14-000005
"KINDER MORGAN, INC.",20110302,0001506307-11-000009
"KINDER MORGAN, INC.",20120223,0001135017-12-000009
"KINDER MORGAN, INC.",20130301,0001506307-13-000015
"KINDER MORGAN, INC.",20140224,0001506307-14-000010
Kodiak Oil & Gas Corp,20090312,0001047469-09-002557
Kodiak Oil & Gas Corp,20100311,0001047469-10-002089
Kodiak Oil & Gas Corp,20110303,0001047469-11-001719
Kodiak Oil & Gas Corp,20120228,0001047469-12-001766
Kodiak Oil & Gas Corp,20130228,0001322866-13-000004
Kodiak Oil & Gas Corp,20140227,0001322866-14-000009
Kosmos Energy Ltd.,20120301,0001047469-12-001964
Kosmos Energy Ltd.,20130225,0001047469-13-001596
Kosmos Energy Ltd.,20140224,0001047469-14-001232
"Laredo Petroleum Holdings, Inc.",20120321,0001047469-12-002976
"Laredo Petroleum Holdings, Inc.",20130312,0001528129-13-000056
"Laredo Petroleum, Inc.",20140227,0001528129-14-000057
MARATHON OIL CORP,20090227,0001193125-09-041003
MARATHON OIL CORP,20100226,0001193125-10-042898
MARATHON OIL CORP,20110228,0001193125-11-047891
MARATHON OIL CORP,20120229,0001193125-12-088742
MARATHON OIL CORP,20130222,0000101778-13-000006
MARATHON OIL CORP,20140228,0000101778-14-000014
Marathon Petroleum Corp,20120229,0001193125-12-088690
Marathon Petroleum Corp,20130228,0001193125-13-084698
Marathon Petroleum Corp,20140228,0001510295-14-000004
MARINER ENERGY INC,20090302,0000950129-09-000711
MARINER ENERGY INC,20100301,0000950123-10-018655
Matador Resources Co,20120402,0001193125-12-145249
Matador Resources Co,20130318,0001193125-13-111031
Matador Resources Co,20140317,0001520006-14-000017
MCMORAN EXPLORATION CO /DE/,20090227,0000831259-09-000020
MCMORAN EXPLORATION CO /DE/,20100312,0000064279-10-000012
MCMORAN EXPLORATION CO /DE/,20110228,0000064279-11-000005
MCMORAN EXPLORATION CO /DE/,20120229,0000064279-12-000012
MCMORAN EXPLORATION CO /DE/,20130222,0000064279-13-000013
MERIDIAN RESOURCE CORP,20090316,0000950129-09-000887
MERIDIAN RESOURCE CORP,20100415,0000950123-10-035264
"Midstates Petroleum Company, Inc.",20130321,0001047469-13-003196
"Midstates Petroleum Company, Inc.",20140324,0001047469-14-002865
"MILLER ENERGY RESOURCES, INC.",20110729,0000943440-11-000404
"MILLER ENERGY RESOURCES, INC.",20120716,0000785968-12-000030
"MILLER ENERGY RESOURCES, INC.",20130715,0000785968-13-000065
MILLER PETROLEUM INC,20090601,0001161697-09-000534
MILLER PETROLEUM INC,20090810,0001161697-09-000725
MILLER PETROLEUM INC,20100728,0000943440-10-000447
MURPHY OIL CORP /DE,20090227,0001193125-09-040617
MURPHY OIL CORP /DE,20100226,0001193125-10-042802
MURPHY OIL CORP /DE,20110228,0001193125-11-049276
MURPHY OIL CORP /DE,20120228,0001193125-12-084989
MURPHY OIL CORP /DE,20130228,0001193125-13-082919
MURPHY OIL CORP /DE,20140228,0001193125-14-077534
NABORS INDUSTRIES LTD,20090302,0000950134-09-004091
NABORS INDUSTRIES LTD,20100226,0000950123-10-018307
NABORS INDUSTRIES LTD,20110301,0000950123-11-020720
NABORS INDUSTRIES LTD,20120229,0001193125-12-089662
NABORS INDUSTRIES LTD,20130301,0001104659-13-016655
NABORS INDUSTRIES LTD,20140303,0001047469-14-001701
NATIONAL OILWELL VARCO INC,20090302,0000950134-09-004210
NATIONAL OILWELL VARCO INC,20100226,0000950123-10-017647
NATIONAL OILWELL VARCO INC,20110223,0000950123-11-017063
NATIONAL OILWELL VARCO INC,20120223,0001193125-12-074776
NATIONAL OILWELL VARCO INC,20130222,0001193125-13-070840
NATIONAL OILWELL VARCO INC,20140214,0001193125-14-053283
NATURAL GAS SERVICES GROUP INC,20090309,0001084991-09-000010
NATURAL GAS SERVICES GROUP INC,20100304,0001084991-10-000008
NATURAL GAS SERVICES GROUP INC,20110310,0001084991-11-000009
NATURAL GAS SERVICES GROUP INC,20120314,0001084991-12-000011
NATURAL GAS SERVICES GROUP INC,20130315,0001084991-13-000008
NATURAL GAS SERVICES GROUP INC,20140314,0001084991-14-000007
NEWFIELD EXPLORATION CO /DE/,20090227,0000950129-09-000662
NEWFIELD EXPLORATION CO /DE/,20100226,0000950123-10-017899
NEWFIELD EXPLORATION CO /DE/,20110225,0000950123-11-018593
NEWFIELD EXPLORATION CO /DE/,20120227,0001193125-12-080837
NEWFIELD EXPLORATION CO /DE/,20130226,0001193125-13-077266
NEWFIELD EXPLORATION CO /DE/,20140228,0000912750-14-000014
NEWPARK RESOURCES INC,20090310,0000950129-09-000824
NEWPARK RESOURCES INC,20100303,0000950123-10-020657
NEWPARK RESOURCES INC,20110308,0000950123-11-023189
NEWPARK RESOURCES INC,20120229,0001193125-12-089028
NEWPARK RESOURCES INC,20130228,0001437749-13-002097
NEWPARK RESOURCES INC,20140228,0001437749-14-003088
NOBLE CORP,20090227,0001362310-09-002936
NOBLE CORP,20100226,0000950123-10-017776
NOBLE CORP,20110225,0000950123-11-018607
NOBLE CORP,20120227,0000950123-12-003293
NOBLE CORP,20130225,0001193125-13-074360
NOBLE CORP,20140228,0001193125-14-076924
NOBLE ENERGY INC,20090219,0000072207-09-000004
NOBLE ENERGY INC,20100218,0000072207-10-000006
NOBLE ENERGY INC,20110210,0001140361-11-007888
NOBLE ENERGY INC,20120209,0001140361-12-006454
NOBLE ENERGY INC,20130207,0000072207-13-000013
NOBLE ENERGY INC,20140206,0000072207-14-000008
"NORTHERN OIL & GAS, INC.",20090316,0001104485-09-000013
"NORTHERN OIL & GAS, INC.",20100308,0001104485-10-000009
"NORTHERN OIL & GAS, INC.",20110304,0001104485-11-000011
"NORTHERN OIL & GAS, INC.",20120229,0001104485-12-000011
"NORTHERN OIL & GAS, INC.",20130301,0001104485-13-000007
"NORTHERN OIL & GAS, INC.",20140303,0001104485-14-000006
"Nuverra Environmental Solutions, Inc.",20140310,0001193125-14-091613
Oasis Petroleum Inc.,20110310,0000950123-11-024114
Oasis Petroleum Inc.,20120228,0001193125-12-085092
Oasis Petroleum Inc.,20130301,0001193125-13-087568
Oasis Petroleum Inc.,20140227,0001486159-14-000011
OCCIDENTAL PETROLEUM CORP /DE/,20090224,0000797468-09-000015
OCCIDENTAL PETROLEUM CORP /DE/,20100225,0000797468-10-000020
OCCIDENTAL PETROLEUM CORP /DE/,20110224,0000797468-11-000026
OCCIDENTAL PETROLEUM CORP /DE/,20120223,0000797468-12-000016
OCCIDENTAL PETROLEUM CORP /DE/,20130226,0000797468-13-000011
OCCIDENTAL PETROLEUM CORP /DE/,20140303,0000797468-14-000011
OCEANEERING INTERNATIONAL INC,20090226,0000950129-09-000581
OCEANEERING INTERNATIONAL INC,20100224,0001193125-10-038885
OCEANEERING INTERNATIONAL INC,20110225,0001193125-11-046600
OCEANEERING INTERNATIONAL INC,20120224,0000073756-12-000003
OCEANEERING INTERNATIONAL INC,20130222,0000073756-13-000007
OCEANEERING INTERNATIONAL INC,20140220,0000073756-14-000006
"OIL STATES INTERNATIONAL, INC",20090220,0000950129-09-000475
"OIL STATES INTERNATIONAL, INC",20100222,0000950123-10-015200
"OIL STATES INTERNATIONAL, INC",20110222,0000950123-11-016353
"OIL STATES INTERNATIONAL, INC",20120217,0001193125-12-067771
"OIL STATES INTERNATIONAL, INC",20130220,0001437749-13-001751
"OIL STATES INTERNATIONAL, INC",20140225,0001437749-14-002719
Pacific Asia Petroleum Inc,20090227,0001402281-09-000006
Pacific Asia Petroleum Inc,20100302,0001354488-10-000602
PANHANDLE OIL & GAS INC,20091209,0000950123-09-069440
PANHANDLE OIL & GAS INC,20101209,0000950123-10-112306
PANHANDLE OIL & GAS INC,20111208,0001193125-11-334649
PANHANDLE OIL & GAS INC,20121211,0001193125-12-498518
PANHANDLE OIL & GAS INC,20131211,0001562762-13-000418
PAR PETROLEUM CORP/CO,20130327,0001193125-13-128763
PAR PETROLEUM CORP/CO,20140331,0001144204-14-019548
PARALLEL PETROLEUM CORP,20090223,0000950134-09-003512
PARKER DRILLING CO /DE/,20090302,0000950129-09-000707
PARKER DRILLING CO /DE/,20100303,0000950123-10-020664
PARKER DRILLING CO /DE/,20110301,0000950123-11-020092
PARKER DRILLING CO /DE/,20120306,0001193125-12-099261
PARKER DRILLING CO /DE/,20130301,0001193125-13-085259
PARKER DRILLING CO /DE/,20140310,0000076321-14-000004
PATTERSON UTI ENERGY INC,20090219,0000950134-09-003225
PATTERSON UTI ENERGY INC,20100219,0000950123-10-014515
PATTERSON UTI ENERGY INC,20110214,0000950123-11-013816
PATTERSON UTI ENERGY INC,20120210,0001193125-12-052274
PATTERSON UTI ENERGY INC,20130213,0001193125-13-054428
PATTERSON UTI ENERGY INC,20140214,0001193125-14-054910
PBF Energy Inc.,20130228,0001193125-13-084119
PBF Energy Inc.,20140221,0001534504-14-000011
"PDC ENERGY, INC.",20130227,0000077877-13-000017
"PDC ENERGY, INC.",20140221,0000077877-14-000013
PENN VIRGINIA CORP,20090227,0001193125-09-041160
PENN VIRGINIA CORP,20100301,0001144204-10-010762
PENN VIRGINIA CORP,20110228,0001144204-11-011218
PENN VIRGINIA CORP,20120227,0001144204-12-011173
PENN VIRGINIA CORP,20130225,0000077159-13-000019
PENN VIRGINIA CORP,20140224,0000077159-14-000012
PETROHAWK ENERGY CORP,20090225,0001193125-09-036810
PETROHAWK ENERGY CORP,20100223,0001193125-10-036866
PETROHAWK ENERGY CORP,20110222,0001047469-11-001090
PETROHAWK ENERGY CORP,20120228,0001047469-12-001768
PETROLEUM DEVELOPMENT CORP,20090227,0001140361-09-005340
PETROLEUM DEVELOPMENT CORP,20100304,0001140361-10-009868
PETROLEUM DEVELOPMENT CORP,20110224,0000077877-11-000011
PETROLEUM DEVELOPMENT CORP,20120301,0000077877-12-000013
PETROQUEST ENERGY INC,20090227,0001362310-09-002973
PETROQUEST ENERGY INC,20100226,0000950123-10-018189
PETROQUEST ENERGY INC,20110228,0000950123-11-019898
PETROQUEST ENERGY INC,20120305,0001193125-12-094834
PETROQUEST ENERGY INC,20130311,0000872248-13-000004
PETROQUEST ENERGY INC,20140305,0000872248-14-000003
Phillips 66,20130222,0001534701-13-000006
Phillips 66,20140221,0001534701-14-000042
PIONEER DRILLING CO,20090226,0001193125-09-038416
PIONEER DRILLING CO,20100216,0001193125-10-031795
PIONEER DRILLING CO,20110217,0001193125-11-038629
PIONEER DRILLING CO,20120221,0001445305-12-000374
PIONEER ENERGY SERVICES CORP,20130213,0000320575-13-000011
PIONEER ENERGY SERVICES CORP,20140213,0000320575-14-000011
PIONEER NATURAL RESOURCES CO,20090225,0001038357-09-000008
PIONEER NATURAL RESOURCES CO,20100226,0001193125-10-042964
PIONEER NATURAL RESOURCES CO,20110225,0001193125-11-047441
PIONEER NATURAL RESOURCES CO,20120229,0001193125-12-088998
PIONEER NATURAL RESOURCES CO,20130213,0001038357-13-000009
PIONEER NATURAL RESOURCES CO,20140227,0001038357-14-000022
PLAINS EXPLORATION & PRODUCTION CO,20090226,0001193125-09-037739
PLAINS EXPLORATION & PRODUCTION CO,20100225,0001193125-10-039749
PLAINS EXPLORATION & PRODUCTION CO,20110224,0001193125-11-044429
PLAINS EXPLORATION & PRODUCTION CO,20120224,0001193125-12-075924
PLAINS EXPLORATION & PRODUCTION CO,20130221,0001193125-13-068265
PRIDE INTERNATIONAL INC,20090225,0001140361-09-004958
PRIDE INTERNATIONAL INC,20100219,0001140361-10-007555
PRIDE INTERNATIONAL INC,20110218,0000950123-11-015724
PRIMEENERGY CORP,20090403,0001193125-09-072467
PRIMEENERGY CORP,20100415,0001193125-10-084459
PRIMEENERGY CORP,20110408,0001193125-11-091536
PRIMEENERGY CORP,20120329,0001193125-12-137874
PRIMEENERGY CORP,20130327,0001193125-13-129339
PRIMEENERGY CORP,20140326,0001193125-14-114674
QUEST RESOURCE CORP,20090603,0000950123-09-010684
QUICKSILVER RESOURCES INC,20090303,0000950134-09-004275
QUICKSILVER RESOURCES INC,20100315,0000950123-10-024674
QUICKSILVER RESOURCES INC,20110314,0000950123-11-024903
QUICKSILVER RESOURCES INC,20120416,0001193125-12-163507
QUICKSILVER RESOURCES INC,20130322,0001060990-13-000081
QUICKSILVER RESOURCES INC,20140317,0001060990-14-000037
RAM ENERGY RESOURCES INC,20090312,0001193125-09-052024
RAM ENERGY RESOURCES INC,20100311,0001193125-10-052947
RAM ENERGY RESOURCES INC,20110316,0000950123-11-025952
RANGE RESOURCES CORP,20090225,0000950134-09-003627
RANGE RESOURCES CORP,20100224,0000950123-10-015884
RANGE RESOURCES CORP,20110301,0000950123-11-020409
RANGE RESOURCES CORP,20120222,0001193125-12-071388
RANGE RESOURCES CORP,20130227,0001193125-13-077384
RANGE RESOURCES CORP,20140226,0001564590-14-000349
Resolute Energy Corp,20100330,0000950123-10-030122
Resolute Energy Corp,20110315,0000950123-11-025335
Resolute Energy Corp,20120313,0001193125-12-110830
Resolute Energy Corp,20130307,0001193125-13-095959
Resolute Energy Corp,20140310,0001193125-14-090249
REX ENERGY CORP,20090311,0001193125-09-050920
REX ENERGY CORP,20100303,0001193125-10-046991
REX ENERGY CORP,20110303,0001193125-11-055030
REX ENERGY CORP,20120315,0001193125-12-117112
REX ENERGY CORP,20130314,0001193125-13-107134
REX ENERGY CORP,20140303,0001193125-14-080312
Rosetta Resources Inc.,20090302,0001140361-09-005410
Rosetta Resources Inc.,20100226,0001140361-10-008807
Rosetta Resources Inc.,20110225,0001140361-11-012097
Rosetta Resources Inc.,20120227,0001193125-12-081879
Rosetta Resources Inc.,20130226,0001193125-13-075479
Rosetta Resources Inc.,20140224,0001193125-14-065181
ROWAN COMPANIES INC,20090302,0000950129-09-000706
ROWAN COMPANIES INC,20100301,0000085408-10-000006
ROWAN COMPANIES INC,20110301,0000085408-11-000004
ROWAN COMPANIES INC,20120228,0000085408-12-000003
ROWAN COMPANIES PLC,20130301,0000085408-13-000004
ROWAN COMPANIES PLC,20140303,0000085408-14-000003
RPC INC,20090305,0001188112-09-000487
RPC INC,20100303,0001188112-10-000460
RPC INC,20110304,0001188112-11-000495
RPC INC,20120229,0001188112-12-000533
RPC INC,20130301,0001188112-13-000533
RPC INC,20140228,0001188112-14-000518
Sanchez Energy Corp,20120330,0001047469-12-003670
Sanchez Energy Corp,20130318,0001047469-13-002954
Sanchez Energy Corp,20140312,0001047469-14-002235
SANDRIDGE ENERGY INC,20090226,0000950134-09-003880
SANDRIDGE ENERGY INC,20100301,0001193125-10-043667
SANDRIDGE ENERGY INC,20110228,0001193125-11-048650
SANDRIDGE ENERGY INC,20120227,0001193125-12-079901
SANDRIDGE ENERGY INC,20130301,0001349436-13-000114
SANDRIDGE ENERGY INC,20140228,0001349436-14-000063
SARATOGA RESOURCES INC /TX,20090415,0001158957-09-000082
SARATOGA RESOURCES INC /TX,20100414,0001158957-10-000074
SARATOGA RESOURCES INC /TX,20110310,0001158957-11-000047
SARATOGA RESOURCES INC /TX,20120327,0001515971-12-000065
SARATOGA RESOURCES INC /TX,20130401,0001515971-13-000111
SARATOGA RESOURCES INC /TX,20140331,0001515971-14-000115
SCHLUMBERGER LTD /NV/,20090211,0001193125-09-024868
SCHLUMBERGER LTD /NV/,20100205,0001193125-10-023041
SCHLUMBERGER LTD /NV/,20110204,0000950123-11-009144
SCHLUMBERGER LTD /NV/,20120201,0001193125-12-034426
SCHLUMBERGER LTD /NV/,20130131,0001193125-13-031766
SCHLUMBERGER LTD /NV/,20140131,0001564590-14-000090
SEADRILL LTD,20100505,0000919574-10-003116
SEADRILL LTD,20110502,0000919574-11-002862
SEADRILL LTD,20120427,0000919574-12-002943
"SEAHAWK DRILLING, INC.",20100301,0001193125-10-043259
SemGroup Corp,20110331,0001193125-11-083208
SemGroup Corp,20120229,0001193125-12-088507
SemGroup Corp,20130301,0001489136-13-000006
SemGroup Corp,20140228,0001489136-14-000008
SM Energy Co,20110225,0001104659-11-010268
SM Energy Co,20120223,0000893538-12-000012
SM Energy Co,20130221,0000893538-13-000011
SM Energy Co,20140219,0000893538-14-000010
SMITH INTERNATIONAL INC,20090302,0000950134-09-004068
SMITH INTERNATIONAL INC,20100301,0000950123-10-019211
SOUTHWESTERN ENERGY CO,20090226,0000007332-09-000004
SOUTHWESTERN ENERGY CO,20100225,0000007332-10-000005
SOUTHWESTERN ENERGY CO,20110225,0000007332-11-000003
SOUTHWESTERN ENERGY CO,20120228,0000007332-12-000003
SOUTHWESTERN ENERGY CO,20130221,0000007332-13-000007
SOUTHWESTERN ENERGY CO,20140227,0000007332-14-000004
ST MARY LAND & EXPLORATION CO,20090224,0000893538-09-000012
ST MARY LAND & EXPLORATION CO,20100224,0000893538-10-000011
STONE ENERGY CORP,20090227,0000950134-09-003893
STONE ENERGY CORP,20100225,0000950123-10-017145
STONE ENERGY CORP,20110303,0000950123-11-021636
STONE ENERGY CORP,20120227,0001193125-12-081922
STONE ENERGY CORP,20130227,0001193125-13-080089
STONE ENERGY CORP,20140227,0001193125-14-071777
SULPHCO INC,20090306,0001144204-09-012650
SULPHCO INC,20100225,0001144204-10-009942
SULPHCO INC,20110331,0001144204-11-019065
SUNOCO INC,20090225,0001193125-09-037075
SUNOCO INC,20100224,0001193125-10-038658
SUNOCO INC,20110228,0001193125-11-050224
SUNOCO INC,20120228,0001193125-12-085407
SUPERIOR ENERGY SERVICES INC,20090227,0000950129-09-000659
SUPERIOR ENERGY SERVICES INC,20100226,0000950123-10-017930
SUPERIOR ENERGY SERVICES INC,20110225,0000950123-11-018483
SUPERIOR ENERGY SERVICES INC,20120228,0001193125-12-084721
SUPERIOR ENERGY SERVICES INC,20130228,0001193125-13-082953
SUPERIOR ENERGY SERVICES INC,20140227,0001193125-14-072228
"Superior Well Services, INC",20090313,0000950152-09-002610
"Superior Well Services, INC",20100309,0000950123-10-022634
SWIFT ENERGY CO,20090227,0000351817-09-000004
SWIFT ENERGY CO,20100226,0000351817-10-000006
SWIFT ENERGY CO,20110224,0000351817-11-000012
SWIFT ENERGY CO,20120223,0000351817-12-000006
SWIFT ENERGY CO,20130222,0000351817-13-000007
SWIFT ENERGY CO,20140303,0000351817-14-000009
SYNTROLEUM CORP,20090302,0001362310-09-003048
SYNTROLEUM CORP,20100226,0000950123-10-018044
SYNTROLEUM CORP,20110315,0000950123-11-025366
SYNTROLEUM CORP,20120306,0001193125-12-099278
SYNTROLEUM CORP,20130315,0001193125-13-109891
SYNTROLEUM CORP,20140313,0001193125-14-097644
T-3 ENERGY SERVICES INC,20090302,0000950134-09-004157
T-3 ENERGY SERVICES INC,20100305,0000950123-10-021686
TESCO CORP,20090227,0001193125-09-040796
TESCO CORP,20100308,0001022705-10-000052
TESCO CORP,20110301,0001022705-11-000003
TESCO CORP,20120302,0001022705-12-000009
TESCO CORP,20130305,0001022705-13-000018
TESCO CORP,20140304,0001022705-14-000018
TESORO CORP /NEW/,20090302,0000950134-09-004250
TESORO CORP /NEW/,20100301,0000950123-10-019215
TESORO CORP /NEW/,20110301,0000950123-11-020449
TESORO CORP /NEW/,20120224,0000050104-12-000020
TESORO CORP /NEW/,20130222,0000050104-13-000019
TESORO CORP /NEW/,20140224,0000050104-14-000013
TETRA TECHNOLOGIES INC,20090302,0000844965-09-000010
TETRA TECHNOLOGIES INC,20100301,0000844965-10-000010
TETRA TECHNOLOGIES INC,20110301,0000844965-11-000022
TETRA TECHNOLOGIES INC,20120229,0000844965-12-000020
TETRA TECHNOLOGIES INC,20130304,0000844965-13-000017
TETRA TECHNOLOGIES INC,20140303,0000844965-14-000022
TGC INDUSTRIES INC,20090316,0001104659-09-017936
TGC INDUSTRIES INC,20100316,0001104659-10-014581
TGC INDUSTRIES INC,20110318,0001104659-11-015399
TGC INDUSTRIES INC,20120315,0001104659-12-018471
TGC INDUSTRIES INC,20130315,0001104659-13-021268
TGC INDUSTRIES INC,20140317,0001104659-14-020007
TOREADOR RESOURCES CORP,20090316,0001047469-09-002737
TOREADOR RESOURCES CORP,20100316,0001047469-10-002309
TOREADOR RESOURCES CORP,20110316,0001157523-11-001609
TRANSATLANTIC PETROLEUM CORP.,20090401,0001193125-09-070777
TRANSATLANTIC PETROLEUM LTD.,20100331,0001193125-10-073420
TRANSATLANTIC PETROLEUM LTD.,20110421,0001193125-11-105331
TRANSATLANTIC PETROLEUM LTD.,20120323,0001193125-12-128943
TRANSATLANTIC PETROLEUM LTD.,20130516,0001193125-13-222765
TRANSATLANTIC PETROLEUM LTD.,20140313,0001193125-14-098045
TRANSOCEAN INC,20090226,0001083269-09-000003
TRI VALLEY CORP,20090330,0001162677-09-000074
TRI VALLEY CORP,20100329,0001162677-10-000060
TRI VALLEY CORP,20110322,0001162677-11-000056
TRI VALLEY CORP,20120416,0001157523-12-001831
Triangle Petroleum Corp,20090409,0001144204-09-019656
Triangle Petroleum Corp,20100409,0001144204-10-019309
Triangle Petroleum Corp,20110419,0001144204-11-022988
Triangle Petroleum Corp,20120416,0001144204-12-021598
Triangle Petroleum Corp,20130501,0001104659-13-035499
Triangle Petroleum Corp,20140417,0001047469-14-003862
TXCO Resources Inc,20090316,0000313395-09-000007
ULTRA PETROLEUM CORP,20090223,0000950129-09-000482
ULTRA PETROLEUM CORP,20100226,0000950123-10-018286
ULTRA PETROLEUM CORP,20110224,0000950123-11-017883
ULTRA PETROLEUM CORP,20120217,0001193125-12-067172
ULTRA PETROLEUM CORP,20130220,0001193125-13-067295
ULTRA PETROLEUM CORP,20140225,0001193125-14-067069
UNION DRILLING INC,20090312,0001193125-09-052378
UNION DRILLING INC,20100305,0001193125-10-048760
UNION DRILLING INC,20110304,0001193125-11-056040
UNION DRILLING INC,20120308,0001193125-12-103133
UNIT CORP,20090224,0001193125-09-036064
UNIT CORP,20100223,0001193125-10-037350
UNIT CORP,20110224,0001193125-11-044656
UNIT CORP,20120223,0001193125-12-074271
UNIT CORP,20130226,0000798949-13-000006
UNIT CORP,20140225,0000798949-14-000007
US ENERGY CORP,20090313,0000101594-09-000017
US ENERGY CORP,20100312,0000101594-10-000013
US ENERGY CORP,20110314,0000101594-11-000018
US ENERGY CORP,20120314,0000101594-12-000017
US ENERGY CORP,20130318,0000101594-13-000008
US ENERGY CORP,20140312,0000101594-14-000007
VAALCO ENERGY INC /DE/,20090316,0001193125-09-055533
VAALCO ENERGY INC /DE/,20100316,0001193125-10-058345
VAALCO ENERGY INC /DE/,20110314,0001193125-11-065764
VAALCO ENERGY INC /DE/,20120312,0001193125-12-109747
VAALCO ENERGY INC /DE/,20130314,0001193125-13-107662
VAALCO ENERGY INC /DE/,20140313,0001564590-14-000736
VALERO ENERGY CORP/TX,20090227,0000950134-09-003971
VALERO ENERGY CORP/TX,20100226,0000950123-10-018097
VALERO ENERGY CORP/TX,20110225,0001035002-11-000013
VALERO ENERGY CORP/TX,20120224,0001035002-12-000008
VALERO ENERGY CORP/TX,20130228,0001035002-13-000008
VALERO ENERGY CORP/TX,20140227,0001035002-14-000008
Vantage Drilling CO,20090313,0001140361-09-006846
Vantage Drilling CO,20100316,0001193125-10-058475
Vantage Drilling CO,20110316,0001193125-11-068725
Vantage Drilling CO,20120315,0001193125-12-117368
Vantage Drilling CO,20130215,0001193125-13-062673
Vantage Drilling CO,20140228,0001564590-14-000453
"Venoco, Inc.",20090305,0001047469-09-002234
"Venoco, Inc.",20100225,0001047469-10-001267
"Venoco, Inc.",20110222,0001047469-11-001083
"Venoco, Inc.",20120216,0001047469-12-001085
"Venoco, Inc.",20130415,0001047469-13-004374
"Voyager Oil & Gas, Inc.",20110314,0001047469-11-002125
"Voyager Oil & Gas, Inc.",20120313,0001144204-12-014643
W&T OFFSHORE INC,20090302,0001193125-09-042118
W&T OFFSHORE INC,20100301,0001193125-10-044607
W&T OFFSHORE INC,20110304,0001193125-11-055941
W&T OFFSHORE INC,20120227,0001193125-12-081514
W&T OFFSHORE INC,20130227,0001193125-13-079296
W&T OFFSHORE INC,20140307,0001564590-14-000635
WARREN RESOURCES INC,20090302,0001047469-09-002108
WARREN RESOURCES INC,20100303,0001047469-10-001756
WARREN RESOURCES INC,20110302,0001047469-11-001666
WARREN RESOURCES INC,20120306,0001047469-12-002166
WARREN RESOURCES INC,20130306,0001047469-13-002288
WARREN RESOURCES INC,20140306,0001047469-14-001905
WEATHERFORD INTERNATIONAL LTD,20090224,0000950129-09-000543
"Western Refining, Inc.",20090313,0000950134-09-005333
"Western Refining, Inc.",20100312,0000950123-10-023725
"Western Refining, Inc.",20110308,0000950123-11-022783
"Western Refining, Inc.",20120229,0001445305-12-000548
"Western Refining, Inc.",20130301,0001339048-13-000011
"Western Refining, Inc.",20140303,0001339048-14-000020
WHITING PETROLEUM CORP,20090225,0001255474-09-000003
WHITING PETROLEUM CORP,20100301,0001255474-10-000002
WHITING PETROLEUM CORP,20110224,0001255474-11-000004
WHITING PETROLEUM CORP,20120223,0001255474-12-000005
WHITING PETROLEUM CORP,20130228,0001255474-13-000005
WHITING PETROLEUM CORP,20140228,0001255474-14-000005
WILLBROS GROUP INC,20090226,0001144204-09-010919
WORLD FUEL SERVICES CORP,20090226,0001193125-09-039256
WORLD FUEL SERVICES CORP,20100225,0001193125-10-040758
WORLD FUEL SERVICES CORP,20110224,0001193125-11-045452
WORLD FUEL SERVICES CORP,20120223,0001047469-12-001378
WORLD FUEL SERVICES CORP,20130221,0001047469-13-001398
WORLD FUEL SERVICES CORP,20140214,0001047469-14-000906
WPT ENTERPRISES INC,20090306,0001104659-09-015104
"WPX ENERGY, INC.",20120228,0001193125-12-085305
"WPX ENERGY, INC.",20130228,0001193125-13-084857
"WPX ENERGY, INC.",20140227,0001518832-14-000011
XTO ENERGY INC,20090225,0001193125-09-037189
XTO ENERGY INC,20100225,0001193125-10-040348
ZaZa Energy Corp,20120615,0001047469-12-006650
ZaZa Energy Corp,20130402,0001528393-13-000031
ZaZa Energy Corp,20140331,0001104659-14-024530
ZION OIL & GAS INC,20090331,0001144204-09-017188
ZION OIL & GAS INC,20100316,0001144204-10-013895
ZION OIL & GAS INC,20110316,0001144204-11-015330
ZION OIL & GAS INC,20120307,0001144204-12-013556
ZION OIL & GAS INC,20130312,0001144204-13-014596
ZION OIL & GAS INC,20140306,0001213900-14-001297
